<annotation>
	<folder>Delaware</folder>
	<filename>0048.jpg</filename>
	<path>D:\Blander Flag\Flag-Classification\Data_Sets\Validation_Data\Delaware\0048.jpg</path>
	<source>
		<database>Unknown</database>
	</source>
	<size>
		<width>400</width>
		<height>300</height>
		<depth>3</depth>
	</size>
	<segmented>0</segmented>
	<object>
		<name>Delaware flag</name>
		<pose>Unspecified</pose>
		<truncated>0</truncated>
		<difficult>0</difficult>
		<bndbox>
			<xmin>111</xmin>
			<ymin>101</ymin>
			<xmax>232</xmax>
			<ymax>285</ymax>
		</bndbox>
	</object>
</annotation>
