<annotation>
	<folder>train</folder>
	<filename>0060.jpg</filename>
	<path>D:\Blander Flag\Flag-Classification\Detectron2\train\0060.jpg</path>
	<source>
		<database>Unknown</database>
	</source>
	<size>
		<width>400</width>
		<height>300</height>
		<depth>3</depth>
	</size>
	<segmented>0</segmented>
	<object>
		<name>America flag</name>
		<pose>Unspecified</pose>
		<truncated>0</truncated>
		<difficult>0</difficult>
		<bndbox>
			<xmin>163</xmin>
			<ymin>50</ymin>
			<xmax>346</xmax>
			<ymax>159</ymax>
		</bndbox>
	</object>
</annotation>
