<annotation>
	<folder>train</folder>
	<filename>0076.jpg</filename>
	<path>D:\Blander Flag\Flag-Classification\Detectron2\train\0076.jpg</path>
	<source>
		<database>Unknown</database>
	</source>
	<size>
		<width>400</width>
		<height>300</height>
		<depth>3</depth>
	</size>
	<segmented>0</segmented>
	<object>
		<name>America flag</name>
		<pose>Unspecified</pose>
		<truncated>0</truncated>
		<difficult>0</difficult>
		<bndbox>
			<xmin>165</xmin>
			<ymin>48</ymin>
			<xmax>332</xmax>
			<ymax>148</ymax>
		</bndbox>
	</object>
</annotation>
