<annotation>
	<folder>America</folder>
	<filename>0246.jpg</filename>
	<path>D:\Blander Flag\Flag-Classification\Data_Sets\Validation_Data\America\0246.jpg</path>
	<source>
		<database>Unknown</database>
	</source>
	<size>
		<width>400</width>
		<height>300</height>
		<depth>3</depth>
	</size>
	<segmented>0</segmented>
	<object>
		<name>American Flag</name>
		<pose>Unspecified</pose>
		<truncated>0</truncated>
		<difficult>0</difficult>
		<bndbox>
			<xmin>115</xmin>
			<ymin>100</ymin>
			<xmax>221</xmax>
			<ymax>269</ymax>
		</bndbox>
	</object>
</annotation>
