<annotation>
	<folder>train</folder>
	<filename>0287.jpg</filename>
	<path>D:\Blander Flag\Flag-Classification\Detectron2\train\0287.jpg</path>
	<source>
		<database>Unknown</database>
	</source>
	<size>
		<width>640</width>
		<height>480</height>
		<depth>3</depth>
	</size>
	<segmented>0</segmented>
	<object>
		<name>America flag</name>
		<pose>Unspecified</pose>
		<truncated>0</truncated>
		<difficult>0</difficult>
		<bndbox>
			<xmin>93</xmin>
			<ymin>82</ymin>
			<xmax>392</xmax>
			<ymax>294</ymax>
		</bndbox>
	</object>
</annotation>
