<annotation>
	<folder>America</folder>
	<filename>0325.jpg</filename>
	<path>D:\Blander Flag\Flag-Classification\Data_Sets\Validation_Data\America\0325.jpg</path>
	<source>
		<database>Unknown</database>
	</source>
	<size>
		<width>640</width>
		<height>480</height>
		<depth>3</depth>
	</size>
	<segmented>0</segmented>
	<object>
		<name>American Flag</name>
		<pose>Unspecified</pose>
		<truncated>0</truncated>
		<difficult>0</difficult>
		<bndbox>
			<xmin>45</xmin>
			<ymin>62</ymin>
			<xmax>453</xmax>
			<ymax>393</ymax>
		</bndbox>
	</object>
</annotation>
