<annotation>
	<folder>Delaware</folder>
	<filename>0916.jpg</filename>
	<path>D:\Blander Flag\Flag-Classification\Data_Sets\Validation_Data\Delaware\0916.jpg</path>
	<source>
		<database>Unknown</database>
	</source>
	<size>
		<width>640</width>
		<height>480</height>
		<depth>3</depth>
	</size>
	<segmented>0</segmented>
	<object>
		<name>Delaware flag</name>
		<pose>Unspecified</pose>
		<truncated>0</truncated>
		<difficult>0</difficult>
		<bndbox>
			<xmin>92</xmin>
			<ymin>58</ymin>
			<xmax>380</xmax>
			<ymax>421</ymax>
		</bndbox>
	</object>
</annotation>
