<annotation>
	<folder>Delaware</folder>
	<filename>1025.jpg</filename>
	<path>D:\Blander Flag\Flag-Classification\Data_Sets\Validation_Data\Delaware\1025.jpg</path>
	<source>
		<database>Unknown</database>
	</source>
	<size>
		<width>640</width>
		<height>480</height>
		<depth>3</depth>
	</size>
	<segmented>0</segmented>
	<object>
		<name>Delaware flag</name>
		<pose>Unspecified</pose>
		<truncated>0</truncated>
		<difficult>0</difficult>
		<bndbox>
			<xmin>12</xmin>
			<ymin>41</ymin>
			<xmax>378</xmax>
			<ymax>341</ymax>
		</bndbox>
	</object>
</annotation>
