<annotation>
	<folder>new_train</folder>
	<filename>3_flags_0037.png</filename>
	<path>D:\Blander Flag\Flag-Classification\Detectron2\new_train\3_flags_0037.png</path>
	<source>
		<database>Unknown</database>
	</source>
	<size>
		<width>400</width>
		<height>300</height>
		<depth>3</depth>
	</size>
	<segmented>0</segmented>
	<object>
		<name>Liberia flag</name>
		<pose>Unspecified</pose>
		<truncated>0</truncated>
		<difficult>0</difficult>
		<bndbox>
			<xmin>10</xmin>
			<ymin>109</ymin>
			<xmax>119</xmax>
			<ymax>209</ymax>
		</bndbox>
	</object>
	<object>
		<name>Malaysia flag</name>
		<pose>Unspecified</pose>
		<truncated>0</truncated>
		<difficult>0</difficult>
		<bndbox>
			<xmin>135</xmin>
			<ymin>109</ymin>
			<xmax>226</xmax>
			<ymax>226</ymax>
		</bndbox>
	</object>
	<object>
		<name>America flag</name>
		<pose>Unspecified</pose>
		<truncated>0</truncated>
		<difficult>0</difficult>
		<bndbox>
			<xmin>240</xmin>
			<ymin>104</ymin>
			<xmax>377</xmax>
			<ymax>212</ymax>
		</bndbox>
	</object>
</annotation>
