<annotation>
	<folder>new_train</folder>
	<filename>3_flags_0184.png</filename>
	<path>D:\Blander Flag\Flag-Classification\Detectron2\new_train\3_flags_0184.png</path>
	<source>
		<database>Unknown</database>
	</source>
	<size>
		<width>400</width>
		<height>300</height>
		<depth>3</depth>
	</size>
	<segmented>0</segmented>
	<object>
		<name>Liberia flag</name>
		<pose>Unspecified</pose>
		<truncated>0</truncated>
		<difficult>0</difficult>
		<bndbox>
			<xmin>5</xmin>
			<ymin>109</ymin>
			<xmax>67</xmax>
			<ymax>186</ymax>
		</bndbox>
	</object>
	<object>
		<name>Malaysia flag</name>
		<pose>Unspecified</pose>
		<truncated>0</truncated>
		<difficult>0</difficult>
		<bndbox>
			<xmin>126</xmin>
			<ymin>109</ymin>
			<xmax>248</xmax>
			<ymax>188</ymax>
		</bndbox>
	</object>
	<object>
		<name>America flag</name>
		<pose>Unspecified</pose>
		<truncated>0</truncated>
		<difficult>0</difficult>
		<bndbox>
			<xmin>242</xmin>
			<ymin>101</ymin>
			<xmax>384</xmax>
			<ymax>192</ymax>
		</bndbox>
	</object>
</annotation>
