<annotation>
	<folder>new_train</folder>
	<filename>3_flags_0100.png</filename>
	<path>D:\Blander Flag\Flag-Classification\Detectron2\new_train\3_flags_0100.png</path>
	<source>
		<database>Unknown</database>
	</source>
	<size>
		<width>400</width>
		<height>300</height>
		<depth>3</depth>
	</size>
	<segmented>0</segmented>
	<object>
		<name>America flag</name>
		<pose>Unspecified</pose>
		<truncated>0</truncated>
		<difficult>0</difficult>
		<bndbox>
			<xmin>240</xmin>
			<ymin>57</ymin>
			<xmax>336</xmax>
			<ymax>181</ymax>
		</bndbox>
	</object>
	<object>
		<name>Malaysia flag</name>
		<pose>Unspecified</pose>
		<truncated>0</truncated>
		<difficult>0</difficult>
		<bndbox>
			<xmin>130</xmin>
			<ymin>71</ymin>
			<xmax>231</xmax>
			<ymax>185</ymax>
		</bndbox>
	</object>
	<object>
		<name>Liberia flag</name>
		<pose>Unspecified</pose>
		<truncated>0</truncated>
		<difficult>0</difficult>
		<bndbox>
			<xmin>7</xmin>
			<ymin>79</ymin>
			<xmax>73</xmax>
			<ymax>181</ymax>
		</bndbox>
	</object>
</annotation>
