<annotation>
	<folder>new_train</folder>
	<filename>3_flags_0015.png</filename>
	<path>D:\Blander Flag\Flag-Classification\Detectron2\new_train\3_flags_0015.png</path>
	<source>
		<database>Unknown</database>
	</source>
	<size>
		<width>400</width>
		<height>300</height>
		<depth>3</depth>
	</size>
	<segmented>0</segmented>
	<object>
		<name>Liberia flag</name>
		<pose>Unspecified</pose>
		<truncated>0</truncated>
		<difficult>0</difficult>
		<bndbox>
			<xmin>7</xmin>
			<ymin>113</ymin>
			<xmax>112</xmax>
			<ymax>192</ymax>
		</bndbox>
	</object>
	<object>
		<name>Malaysia flag</name>
		<pose>Unspecified</pose>
		<truncated>0</truncated>
		<difficult>0</difficult>
		<bndbox>
			<xmin>128</xmin>
			<ymin>111</ymin>
			<xmax>236</xmax>
			<ymax>184</ymax>
		</bndbox>
	</object>
	<object>
		<name>America flag</name>
		<pose>Unspecified</pose>
		<truncated>0</truncated>
		<difficult>0</difficult>
		<bndbox>
			<xmin>240</xmin>
			<ymin>100</ymin>
			<xmax>356</xmax>
			<ymax>182</ymax>
		</bndbox>
	</object>
</annotation>
