<annotation>
	<folder>new_train</folder>
	<filename>Mhw0127.png</filename>
	<path>D:\Blander Flag\Flag-Classification\Detectron2\new_train\Mhw0127.png</path>
	<source>
		<database>Unknown</database>
	</source>
	<size>
		<width>400</width>
		<height>300</height>
		<depth>3</depth>
	</size>
	<segmented>0</segmented>
	<object>
		<name>Malaysia flag</name>
		<pose>Unspecified</pose>
		<truncated>0</truncated>
		<difficult>0</difficult>
		<bndbox>
			<xmin>114</xmin>
			<ymin>100</ymin>
			<xmax>250</xmax>
			<ymax>256</ymax>
		</bndbox>
	</object>
</annotation>
